"countryOnly","country","N","mean","median","sd","iqr","OPcov","OPcovNoWeights","indAlloc","outliersOut","yearOnly","region","countryDes","incomeLevel"
"Bangladesh","Bangladesh2013",54,-7.34965792506705,-7.41323933212934,0.647188664562313,0.766794832115783,-0.119442828287601,-0.129378380263418,0.578612504033222,0,"2013","South Asia","Bangladesh","Lower middle income"
"Chile","Chile2010",24,-3.91291839917825,-4.14647832933204,0.798316308263439,0.752123724729117,0.649943248630464,0.447348257385488,2.63995940723271,0,"2010","Latin America and Caribbean","Chile","High income"
"China","China2012",17,-4.51028297000566,-4.47977129126286,0.594864714257953,0.694573562846903,0.13538094166929,0.320804768536048,0.251934068212879,0,"2012","East Asia and Pacific","China","Upper middle income"
"Egypt","Egypt2013",32,-4.41382300880547,-4.62760195217548,0.754358387515437,1.24330828039807,0.0595591173411438,-0.168777492522346,0.479532163455684,1,"2013","Middle East and North Africa","Egypt, Arab Rep.","Lower middle income"
"Ghana","Ghana2013",21,-2.0985784428479,-2.05136776118224,0.766212992020552,0.81821521520194,-0.553767438446418,-0.515917799994762,0.607332612873863,1,"2013","Sub-Saharan Africa","Ghana","Lower middle income"
"India","India2014",64,-7.27363570448081,-7.25540590982597,0.638676747544417,0.749287309006993,-0.0865822980522876,0.0144039957569302,0.821807986488569,1,"2014","South Asia","India","Lower middle income"
"Nigeria","Nigeria2014",21,-5.12427061976111,-5.55295688762566,3.72978579800799,3.89124149651026,0.37851744698781,1.48169212730915,1.24911654905336,0,"2014","Sub-Saharan Africa","Nigeria","Lower middle income"
"Russia","Russia2012",13,-1.2396688151134,-1.23019685121621,0.14793237410899,0.0825779584803641,0.0743081534645969,0.210837832572948,0.539522785337956,9,"2012","Europe and Central Asia","Russian Federation","High income"
