"countryOnly","country","N","mean","median","sd","iqr","OPcov","OPcovNoWeights","indAlloc","outliersOut","yearOnly","region","countryDes","incomeLevel"
"Bangladesh","Bangladesh2013",19,-3.17454954403923,-3.24431728354144,0.582578232781281,0.809858077801884,0.489162835447076,0.444653527646372,1.03682822967237,0,"2013","South Asia","Bangladesh","Lower middle income"
"Brazil","Brazil2009",75,0.767109307801293,0.431881919344518,0.643731291959098,0.924678185730105,0.401016133729756,0.18242147122944,1,2,"2009","Latin America and Caribbean","Brazil","Upper middle income"
"China","China2012",92,-0.05143154483747,-0.186417397526118,0.773208683466709,0.960504266384033,0.667630494400324,0.715450402991442,2.65220059345038,0,"2012","East Asia and Pacific","China","Upper middle income"
"India","India2014",160,-2.10313568797902,-1.94194154968199,0.851999416877102,1.55053654974589,-0.048253958686444,0.00583031353576719,0.475948399692805,0,"2014","South Asia","India","Lower middle income"
