"countryOnly","country","N","mean","median","sd","iqr","OPcov","OPcovNoWeights","indAlloc","outliersOut","yearOnly","region","countryDes","incomeLevel"
"Bangladesh","Bangladesh2013",54,-7.34965792506709,-7.41323933212939,0.647188664562314,0.766794832115787,-0.119442828287603,-0.12937838026342,0.578612504033222,0,"2013","South Asia","Bangladesh","Lower middle income"
"Chile","Chile2010",24,-3.91291839917636,-4.14647832933035,0.798316308263504,0.752123724729064,0.649943248630621,0.447348257385679,2.63995940723271,0,"2010","Latin America and Caribbean","Chile","High income"
"China","China2012",17,-4.51028297000571,-4.47977129126292,0.594864714257952,0.694573562846903,0.135380941669288,0.320804768536045,0.251934068212879,0,"2012","East Asia and Pacific","China","Upper middle income"
"Egypt","Egypt2013",32,-4.41382300880551,-4.62760195217552,0.754358387515435,1.24330828039806,0.0595591173411409,-0.168777492522353,0.479532163455684,1,"2013","Middle East and North Africa","Egypt, Arab Rep.","Lower middle income"
"Ghana","Ghana2013",21,-2.09857844284793,-2.05136776118226,0.766212992020556,0.818215215201951,-0.553767438446423,-0.515917799994768,0.607332612873863,1,"2013","Sub-Saharan Africa","Ghana","Lower middle income"
"India","India2014",64,-7.27363570448086,-7.25540590982602,0.638676747544419,0.74928730900699,-0.0865822980522894,0.0144039957569276,0.821807986488569,1,"2014","South Asia","India","Lower middle income"
"Nigeria","Nigeria2014",21,-5.12427061976115,-5.5529568876257,3.72978579800799,3.89124149651025,0.378517446987803,1.48169212730914,1.25039268677719,0,"2014","Sub-Saharan Africa","Nigeria","Lower middle income"
"Russia","Russia2012",13,-1.23966881511191,-1.23019685121476,0.147932374109,0.0825779584803161,0.0743081534646951,0.210837832573076,0.539522785337956,9,"2012","Europe and Central Asia","Russian Federation","High income"
