"countryOnly","country","N","mean","median","sd","iqr","OPcov","OPcovNoWeights","indAlloc","outliersOut","yearOnly","region","countryDes","incomeLevel"
"China","China2012",71,-0.637453012542599,-0.675113396532727,0.54643911079986,0.539069009962232,0.182826667626451,0.10194333935487,2.46355713947996,3,"2012","East Asia and Pacific","China","Upper middle income"
"Egypt","Egypt2013",28,-0.57184536250073,-1.30482697617278,1.59904993356452,2.07932440154507,-0.738926213406203,0.57734515797103,0.0570960364244762,0,"2013","Middle East and North Africa","Egypt, Arab Rep.","Lower middle income"
"India","India2014",153,-3.20829005758848,-3.42361880231722,0.917690757277797,1.05618751399459,-0.0536677124951655,0.0208322953758126,1.47993236915184,0,"2014","South Asia","India","Lower middle income"
"Philippines","Philippines2009",28,-2.35236731899278,-2.59589505110443,1.52400376200565,2.62575279597927,-0.389110671234552,-0.333823261941759,0.311515534348392,0,"2009","East Asia and Pacific","Philippines","Lower middle income"
"Russia","Russia2012",30,-2.28218801652652,-2.34795939746507,0.672818261628152,1.01656523173036,0.218544178236359,0.332136921600534,0.848720947631149,0,"2012","Europe and Central Asia","Russian Federation","High income"
