"countryOnly","country","N","mean","median","sd","iqr","OPcov","OPcovNoWeights","indAlloc","outliersOut","yearOnly","region","countryDes","incomeLevel"
"Bangladesh","Bangladesh2013",37,2.74033696004072,2.68864814408986,1.1527025724013,1.24990601202464,0.73736420026781,0.742183034670777,0.513873844959542,0,"2013","South Asia","Bangladesh","Lower middle income"
"China","China2012",64,2.22767100027183,2.20455998322433,0.523584816182161,0.620422726364474,0.0527319232315145,0.136639786500818,1.26536065519263,1,"2012","East Asia and Pacific","China","Upper middle income"
"Egypt","Egypt2013",60,1.81352097648387,1.52774405058035,0.883677935784574,1.13844789107916,0.213028593004465,0.306087733239026,1.63092569232708,1,"2013","Middle East and North Africa","Egypt, Arab Rep.","Lower middle income"
"India","India2014",308,2.66658643203023,2.53268654376532,0.867322088083021,1.03013199368383,0.0956775354139653,0.219136001388784,0.824676879672463,0,"2014","South Asia","India","Lower middle income"
"Vietnam","Vietnam2009",20,2.51987835171977,2.30324354295438,1.00047812858581,0.76215998247082,0.163425915611109,0.218189414448096,1.00528501614558,0,"2009","East Asia and Pacific","Vietnam","Lower middle income"
