"countryOnly","country","N","mean","median","sd","iqr","OPcov","OPcovNoWeights","indAlloc","outliersOut","yearOnly","region","countryDes","incomeLevel"
"China","China2012",77,1.71089628921195,1.64788597071756,0.387981645068637,0.382139451687096,0.378415679582178,0.350344058420599,0.870382328364967,2,"2012","East Asia and Pacific","China","Upper middle income"
"Egypt","Egypt2013",30,1.35718341519303,1.25298998662838,0.316778333000682,0.0141003114620393,-0.0429182374098103,0.296634162339034,5.67443099985593,2,"2013","Middle East and North Africa","Egypt, Arab Rep.","Lower middle income"
"India","India2014",202,1.55639496969931,1.40832778473159,0.473208734542827,0.598133118086572,-0.0626768351387105,-0.0250232887912438,0.503803356069645,0,"2014","South Asia","India","Lower middle income"
"Philippines","Philippines2009",28,2.19459543778114,2.1182608027569,1.35092068865166,1.5020854961001,0.532608624643909,0.733170909367344,0.239078775828262,0,"2009","East Asia and Pacific","Philippines","Lower middle income"
"Russia","Russia2012",38,1.6183120952178,1.53644205097544,0.373498051523853,0.584852971116359,0.135443630954943,0.243872298551219,1.25014486336132,1,"2012","Europe and Central Asia","Russian Federation","High income"
