"countryOnly","country","N","mean","median","sd","iqr","OPcov","OPcovNoWeights","indAlloc","outliersOut","yearOnly","region","countryDes","incomeLevel"
"Bangladesh","Bangladesh2013",103,3.86867902101336,3.67567184545695,1.09369921040022,1.66723654751012,0.306815096505793,0.194527951451493,2.55338949795408,0,"2013","South Asia","Bangladesh","Lower middle income"
"Brazil","Brazil2009",121,2.86757536912925,2.593340095556,1.14652138259439,1.32006141987592,0.515506444870809,0.418722907816572,2.72227852399351,1,"2009","Latin America and Caribbean","Brazil","Upper middle income"
"Egypt","Egypt2013",78,2.48189100161951,2.40649950120776,1.03909984381299,1.13772904765987,0.211512478106828,0.214165554632563,0.736442999321279,0,"2013","Middle East and North Africa","Egypt, Arab Rep.","Lower middle income"
"India","India2014",32,4.24379079946492,4.28284705782207,1.04676823763707,1.84622200158037,0.300242829368049,0.327325905786567,3.76321909724768,0,"2014","South Asia","India","Lower middle income"
"Mexico","Mexico2010",22,2.78871605584583,2.63704976863262,0.544328852448059,0.584415981385643,0.689892324508661,0.648727709878169,0.854325994760927,1,"2010","Latin America and Caribbean","Mexico","Upper middle income"
"Peru","Peru2010",14,2.54116258509195,2.60684840337237,0.726275958830304,0.610916058300546,0.683188667765963,0.846842636986154,3.36699717407039,1,"2010","Latin America and Caribbean","Peru","Upper middle income"
