"countryOnly","country","N","mean","median","sd","iqr","OPcov","OPcovNoWeights","indAlloc","outliersOut","yearOnly","region","countryDes","incomeLevel"
"Bangladesh","Bangladesh2013",33,1.39069446410314,1.30247929998994,0.483234812711033,0.40228735251177,0.214920306658491,0.257628157478534,2.08333333333333,1,"2013","South Asia","Bangladesh","Lower middle income"
"China","China2012",63,1.40826891510976,1.27985664008049,0.406923937218743,0.50489392497942,0.0224272432116725,0.306639791122418,1.33059032796142,0,"2012","East Asia and Pacific","China","Upper middle income"
"Egypt","Egypt2013",56,1.16062031848965,1.07140589783747,0.407668955535813,0.605472844053452,0.0504426986309941,0.120428972097211,0.23281277045444,3,"2013","Middle East and North Africa","Egypt, Arab Rep.","Lower middle income"
"India","India2014",303,1.40416900751298,1.31932232647713,0.451072898618498,0.551211142663146,-0.0800404326145097,0.0414146839154546,0.921063856839922,4,"2014","South Asia","India","Lower middle income"
"Nepal","Nepal2013",4,-1.12048983818502,-1.12075346863806,0.0343801057906072,0,-0.0107266132726799,-0.00612875503446998,0.176413549034474,11,"2013","South Asia","Nepal","Low income"
"Vietnam","Vietnam2009",18,1.12460398363449,1.00960484566812,0.683504583573183,0.454883424834129,0.170863417480039,0.148144795241923,3.96849356891416,0,"2009","East Asia and Pacific","Vietnam","Lower middle income"
