"countryOnly","country","N","mean","median","sd","iqr","OPcov","OPcovNoWeights","indAlloc","outliersOut","yearOnly","region","countryDes","incomeLevel"
"Bangladesh","Bangladesh2013",28,2.3627920431951,2.67824613640128,1.12008692872771,2.07066682942069,-0.24773308421744,-0.225452632016014,2.05692373542639,0,"2013","South Asia","Bangladesh","Lower middle income"
"Egypt","Egypt2013",58,2.06262581003405,2.13399130095111,0.57205427461649,0.647777721850144,-0.0728431693978655,-0.0226687058117045,1.12473012117896,2,"2013","Middle East and North Africa","Egypt, Arab Rep.","Lower middle income"
"India","India2014",68,2.33736261636352,2.38760675611177,0.654314289359804,1.15036520476326,0.201717887092879,0.516782298281605,1.84667540584529,0,"2014","South Asia","India","Lower middle income"
"Vietnam","Vietnam2009",20,2.82363009032403,3.07671163938386,0.680752929444254,0.8581436904309,-0.110583493091933,-0.136800324420041,0.103116027368625,0,"2009","East Asia and Pacific","Vietnam","Lower middle income"
