"countryOnly","country","N","mean","median","sd","iqr","OPcov","OPcovNoWeights","indAlloc","outliersOut","yearOnly","region","countryDes","incomeLevel"
"Bangladesh","Bangladesh2013",101,3.95043824623074,3.7844037651197,0.76654066984758,1.05868435845723,0.336198163250513,0.272696606916422,1.22862362641956,0,"2013","South Asia","Bangladesh","Lower middle income"
"Brazil","Brazil2009",120,3.22216882897588,3.09856119358476,0.858795144070526,1.02292932291274,0.638195268036847,0.43902116072903,1.77743848791063,2,"2009","Latin America and Caribbean","Brazil","Upper middle income"
"Egypt","Egypt2013",70,2.76616644343144,2.91366110326988,0.790591169406618,0.689384439653262,0.227837186718706,0.418544902914071,1.45047791823111,3,"2013","Middle East and North Africa","Egypt, Arab Rep.","Lower middle income"
"India","India2014",32,4.12108048948515,4.17627972993571,0.736620762511893,1.32415548468251,0.408558856795982,0.394523552915956,4.27778514758304,0,"2014","South Asia","India","Lower middle income"
"Mexico","Mexico2010",21,3.40232654661119,3.07901883908986,0.535115999753686,0.583050651465795,0.821786761736505,0.800191639383342,0.997749238713094,0,"2010","Latin America and Caribbean","Mexico","Upper middle income"
"Peru","Peru2010",15,3.02259010605715,3.1149036782586,0.917223828744056,0.772098321449761,0.555680042090568,0.64261351077748,3.40753378609625,0,"2010","Latin America and Caribbean","Peru","Upper middle income"
