"countryOnly","country","N","mean","median","sd","iqr","OPcov","OPcovNoWeights","indAlloc","outliersOut","yearOnly","region","countryDes","incomeLevel"
"Bangladesh","Bangladesh2013",37,2.7403369600407,2.68864814408984,1.1527025724013,1.24990601202465,0.737364200267808,0.742183034670776,0.513873844959542,0,"2013","South Asia","Bangladesh","Lower middle income"
"China","China2012",64,2.22767100027181,2.20455998322431,0.523584816182161,0.62042272636447,0.052731923231515,0.136639786500819,1.30812218300026,1,"2012","East Asia and Pacific","China","Upper middle income"
"Egypt","Egypt2013",60,1.81352097648385,1.52774405058032,0.883677935784573,1.13844789107916,0.213028593004463,0.306087733239023,1.63092569232708,1,"2013","Middle East and North Africa","Egypt, Arab Rep.","Lower middle income"
"India","India2014",308,2.6665864320302,2.5326865437653,0.867322088083021,1.03013199368383,0.0956775354139617,0.21913600138878,0.822975666732144,0,"2014","South Asia","India","Lower middle income"
"Vietnam","Vietnam2009",20,2.51987835171974,2.30324354295435,1.00047812858581,0.762159982470841,0.163425915611107,0.218189414448093,1.00528501614558,0,"2009","East Asia and Pacific","Vietnam","Lower middle income"
