"countryOnly","country","N","mean","median","sd","iqr","OPcov","OPcovNoWeights","indAlloc","outliersOut","yearOnly","region","countryDes","incomeLevel"
"Bangladesh","Bangladesh2013",98,-0.737868170738622,-0.991208967028214,1.14760434927999,1.64177627909253,0.313837439640448,0.245074142312822,0.96033089417961,0,"2013","South Asia","Bangladesh","Lower middle income"
"Brazil","Brazil2009",118,2.25935532441543,2.01885408566853,1.30329804843661,1.31690493908264,0.699636363697461,0.509509716847929,2,2,"2009","Latin America and Caribbean","Brazil","Upper middle income"
"Egypt","Egypt2013",59,0.798314880679827,0.755270771496663,0.758797763640737,1.04603602329099,0.405365353995698,0.317076801233054,1.07976667043945,1,"2013","Middle East and North Africa","Egypt, Arab Rep.","Lower middle income"
"India","India2014",23,0.0138921347325329,-0.0894659285003332,1.14497417320357,2.01669321433367,0.200116457253821,0.513579624565049,3.48921459023553,0,"2014","South Asia","India","Lower middle income"
"Mexico","Mexico2010",23,0.227633841168699,-0.162923492954467,0.809649380438941,0.8104232603401,1.09109366019142,0.884989010086818,1.08971525833106,0,"2010","Latin America and Caribbean","Mexico","Upper middle income"
