"countryOnly","country","N","mean","median","sd","iqr","OPcov","OPcovNoWeights","indAlloc","outliersOut","yearOnly","region","countryDes","incomeLevel"
"Bangladesh","Bangladesh2013",25,-2.49693310733004,-2.27914127779575,0.583621286618952,0.873073929824477,-0.628372006982271,-0.862934864127067,1.04476914024931,1,"2013","South Asia","Bangladesh","Lower middle income"
"Egypt","Egypt2013",54,0.00163811919200619,-0.389643333820709,0.895512604428691,1.3427487661249,0.171991758064261,0.191094691591131,0.945916762954123,0,"2013","Middle East and North Africa","Egypt, Arab Rep.","Lower middle income"
"India","India2014",55,-2.00543408563892,-1.9810697767872,0.643167557266146,0.947720612652191,0.213244686111907,0.619241534920292,1.2467299011181,0,"2014","South Asia","India","Lower middle income"
"Vietnam","Vietnam2009",18,-7.15728916990373,-7.34943081523415,0.835074076622433,0.888427166794139,0.0870394121868146,-0.069513602767597,0.320819383063535,0,"2009","East Asia and Pacific","Vietnam","Lower middle income"
