"countryOnly","country","N","mean","median","sd","iqr","OPcov","OPcovNoWeights","indAlloc","outliersOut","yearOnly","region","countryDes","incomeLevel"
"Bangladesh","Bangladesh2013",53,0.059753133225855,0.0467067816957127,0.453341177521153,0.481028951899575,-0.188580482912641,-0.155432755861813,1.05868237073258,0,"2013","South Asia","Bangladesh","Lower middle income"
"Chile","Chile2010",24,2.69478992648334,2.57554031207998,0.425022330204637,0.70091539753248,0.401231286312046,0.299478975577649,2.99740447262064,0,"2010","Latin America and Caribbean","Chile","High income"
"China","China2012",18,0.0828434464034421,0.0549205603518587,0.405486994212746,0.472343646128504,0.115318179232299,0.19593373362401,0.209247157288629,0,"2012","East Asia and Pacific","China","Upper middle income"
"Egypt","Egypt2013",37,0.0904804157947346,0.15947462596223,0.558098035299762,0.654602050223763,-0.0282238446023606,-0.0532946819372431,0.382745850029984,1,"2013","Middle East and North Africa","Egypt, Arab Rep.","Lower middle income"
"Ghana","Ghana2013",31,0.799040284137859,0.735303688795994,0.850551812373828,0.900284997605803,-0.130635645563813,-0.14843324274903,0.828587019017593,0,"2013","Sub-Saharan Africa","Ghana","Lower middle income"
"India","India2014",76,-0.200874984667266,-0.281097870000526,0.372362271420853,0.422196876176745,-0.0626087615906313,-0.0502017900296007,0.888446878789459,1,"2014","South Asia","India","Lower middle income"
"Jamaica","Jamaica2010",16,-0.412074099329275,-0.434393212561401,0.175988884333277,0.216080345762535,-0.124404713375585,-0.13903565674163,0.402781186564689,0,"2010","Latin America and Caribbean","Jamaica","Upper middle income"
"Nigeria","Nigeria2014",25,2.0487886997192,1.02467980636783,3.1784770727129,3.97517505991848,0.678235094842083,1.84054791423442,0.846783224199495,0,"2014","Sub-Saharan Africa","Nigeria","Lower middle income"
"Russia","Russia2012",26,2.41389730700766,2.45201393915953,0.154165135212794,0.171051481813869,0.039651403119531,0.160545843516335,0.350956708020658,7,"2012","Europe and Central Asia","Russian Federation","High income"
