"countryOnly","country","N","mean","median","sd","iqr","OPcov","OPcovNoWeights","indAlloc","outliersOut","yearOnly","region","countryDes","incomeLevel"
"Bangladesh","Bangladesh2013",34,-3.62424045108409,-4.02282309361665,0.972065751880325,0.887437992351499,0.0683455595966589,0.042816806591621,3.62386102833824,0,"2013","South Asia","Bangladesh","Lower middle income"
"China","China2012",60,-0.970812367888703,-1.06138571210548,0.742751609104073,1.1243644202343,0.0119444513594626,0.190905750228451,3.85011908427969,0,"2012","East Asia and Pacific","China","Upper middle income"
"Egypt","Egypt2013",52,-1.32220263502645,-1.57296303250279,0.71340774002277,0.913486696583748,0.186666598689132,0.00973055532282164,0.347837795014898,1,"2013","Middle East and North Africa","Egypt, Arab Rep.","Lower middle income"
"India","India2014",262,-3.06130341258673,-3.22009103081799,0.916608639501045,1.3243889159681,-0.197759518379584,0.0788982457580333,0.675340154682227,0,"2014","South Asia","India","Lower middle income"
"Vietnam","Vietnam2009",17,-9.26516466726211,-9.56905647646868,0.852676899329767,1.54818208422473,0.157810749322149,0.228490813414563,1.15535705040164,0,"2009","East Asia and Pacific","Vietnam","Lower middle income"
