"countryOnly","country","N","mean","median","sd","iqr","OPcov","OPcovNoWeights","indAlloc","outliersOut","yearOnly","region","countryDes","incomeLevel"
"Bangladesh","Bangladesh2013",53,0.0597531332259151,0.0467067816957664,0.453341177521146,0.481028951899555,-0.188580482912633,-0.155432755861805,1.05868237073258,0,"2013","South Asia","Bangladesh","Lower middle income"
"Chile","Chile2010",24,2.69478992648363,2.57554031208022,0.42502233020468,0.700915397532352,0.401231286312117,0.299478975577692,2.99740447262064,0,"2010","Latin America and Caribbean","Chile","High income"
"China","China2012",18,0.0828434464035099,0.05492056035193,0.405486994212748,0.472343646128516,0.115318179232301,0.195933733624015,0.209247157288629,0,"2012","East Asia and Pacific","China","Upper middle income"
"Egypt","Egypt2013",37,0.0904804157947909,0.159474625962306,0.558098035299763,0.654602050223778,-0.0282238446023552,-0.0532946819372306,0.382745850029984,1,"2013","Middle East and North Africa","Egypt, Arab Rep.","Lower middle income"
"Ghana","Ghana2013",31,0.799040284137906,0.735303688796056,0.850551812373825,0.900284997605805,-0.130635645563803,-0.14843324274902,0.828587019017594,0,"2013","Sub-Saharan Africa","Ghana","Lower middle income"
"India","India2014",76,-0.200874984667194,-0.281097870000458,0.372362271420852,0.422196876176745,-0.0626087615906284,-0.0502017900295954,0.890844792751357,1,"2014","South Asia","India","Lower middle income"
"Jamaica","Jamaica2010",16,-0.412074099329199,-0.434393212561321,0.175988884333276,0.216080345762521,-0.124404713375577,-0.13903565674162,0.402781186564689,0,"2010","Latin America and Caribbean","Jamaica","Upper middle income"
"Nigeria","Nigeria2014",25,2.04878869971925,1.02467980636788,3.17847707271289,3.97517505991846,0.678235094842087,1.84054791423442,0.846783224199495,0,"2014","Sub-Saharan Africa","Nigeria","Lower middle income"
"Russia","Russia2012",26,2.41389730700797,2.45201393915991,0.154165135212811,0.171051481813969,0.0396514031194933,0.160545843516345,0.334619279898563,7,"2012","Europe and Central Asia","Russian Federation","High income"
