"countryOnly","country","N","mean","median","sd","iqr","OPcov","OPcovNoWeights","indAlloc","outliersOut","yearOnly","region","countryDes","incomeLevel"
"China","China2012",71,-0.637453012542594,-0.675113396532722,0.54643911079986,0.53906900996223,0.182826667626451,0.10194333935487,2.46355713947996,3,"2012","East Asia and Pacific","China","Upper middle income"
"Egypt","Egypt2013",28,-0.571845362500724,-1.30482697617277,1.59904993356452,2.07932440154507,-0.738926213406204,0.577345157971034,0.0570960364244762,0,"2013","Middle East and North Africa","Egypt, Arab Rep.","Lower middle income"
"India","India2014",153,-3.20829005758847,-3.42361880231721,0.917690757277797,1.0561875139946,-0.0536677124951628,0.0208322953758152,1.48296132806091,0,"2014","South Asia","India","Lower middle income"
"Philippines","Philippines2009",28,-2.35236731899277,-2.59589505110441,1.52400376200565,2.62575279597927,-0.38911067123455,-0.333823261941756,0.311515534348392,0,"2009","East Asia and Pacific","Philippines","Lower middle income"
"Russia","Russia2012",30,-2.28218801652759,-2.34795939746617,0.672818261628151,1.01656523173011,0.218544178236176,0.332136921600365,0.848720947631149,0,"2012","Europe and Central Asia","Russian Federation","High income"
