"countryOnly","country","N","mean","median","sd","iqr","OPcov","OPcovNoWeights","indAlloc","outliersOut","yearOnly","region","countryDes","incomeLevel"
"Bangladesh","Bangladesh2013",18,1.86148241889858,1.72534789116507,0.552303071097167,0.399142721601619,0.765981843019781,0.601949181954066,1.2341218627028,1,"2013","South Asia","Bangladesh","Lower middle income"
"Brazil","Brazil2009",76,1.66955309531577,1.42090299864262,0.441932022596672,0.602842016556685,0.46755637814936,0.472811733233629,0.99789160271322,3,"2009","Latin America and Caribbean","Brazil","Upper middle income"
"China","China2012",99,2.05248369932351,1.93235012865045,0.499510073295021,0.62554282686832,0.428422595752947,0.427957983423286,2.4231334379881,0,"2012","East Asia and Pacific","China","Upper middle income"
"India","India2014",188,2.15988063810138,2.13135186046695,0.535679282987146,0.685336576531114,-0.0285312494763751,0.0640777333265959,0.535226514811087,0,"2014","South Asia","India","Lower middle income"
