"countryOnly","country","N","mean","median","sd","iqr","OPcov","OPcovNoWeights","indAlloc","outliersOut","yearOnly","region","countryDes","incomeLevel"
"Bangladesh","Bangladesh2013",98,-0.737868170738615,-0.991208967028202,1.14760434927999,1.64177627909253,0.313837439640451,0.245074142312824,0.959851084066462,0,"2013","South Asia","Bangladesh","Lower middle income"
"Brazil","Brazil2009",118,2.25935532441544,2.01885408566853,1.30329804843661,1.31690493908264,0.699636363697462,0.509509716847929,2,2,"2009","Latin America and Caribbean","Brazil","Upper middle income"
"Egypt","Egypt2013",59,0.798314880679833,0.755270771496668,0.758797763640737,1.04603602329099,0.405365353995699,0.317076801233054,1.08142709228408,1,"2013","Middle East and North Africa","Egypt, Arab Rep.","Lower middle income"
"India","India2014",23,0.0138921347325398,-0.089465928500326,1.14497417320357,2.01669321433367,0.20011645725382,0.513579624565049,3.48921459023553,0,"2014","South Asia","India","Lower middle income"
"Mexico","Mexico2010",23,0.227633841168705,-0.16292349295446,0.80964938043894,0.810423260340101,1.09109366019143,0.88498901008682,1,0,"2010","Latin America and Caribbean","Mexico","Upper middle income"
