"countryOnly","country","N","mean","median","sd","iqr","OPcov","OPcovNoWeights","indAlloc","outliersOut","yearOnly","region","countryDes","incomeLevel"
"Bangladesh","Bangladesh2013",28,2.36279204319506,2.67824613640124,1.12008692872771,2.0706668294207,-0.247733084217451,-0.225452632016029,2.05692373542638,0,"2013","South Asia","Bangladesh","Lower middle income"
"Egypt","Egypt2013",58,2.062625810034,2.13399130095106,0.572054274616489,0.647777721850138,-0.0728431693978682,-0.0226687058117084,1.12473012117896,2,"2013","Middle East and North Africa","Egypt, Arab Rep.","Lower middle income"
"India","India2014",68,2.33736261636347,2.38760675611172,0.654314289359805,1.15036520476326,0.201717887092877,0.516782298281599,1.82937512401065,0,"2014","South Asia","India","Lower middle income"
"Vietnam","Vietnam2009",20,2.82363009032396,3.07671163938378,0.680752929444255,0.858143690430897,-0.110583493091936,-0.136800324420044,0.107985230587664,0,"2009","East Asia and Pacific","Vietnam","Lower middle income"
