"countryOnly","country","N","mean","median","sd","iqr","OPcov","OPcovNoWeights","indAlloc","outliersOut","yearOnly","region","countryDes","incomeLevel"
"Bangladesh","Bangladesh2013",33,1.39069446410312,1.30247929998992,0.483234812711029,0.402287352511777,0.214920306658486,0.257628157478529,2.08333333333333,1,"2013","South Asia","Bangladesh","Lower middle income"
"China","China2012",63,1.40826891510974,1.27985664008047,0.406923937218744,0.50489392497942,0.0224272432116718,0.306639791122415,1.33059032796142,0,"2012","East Asia and Pacific","China","Upper middle income"
"Egypt","Egypt2013",56,1.16062031848963,1.07140589783745,0.407668955535813,0.605472844053446,0.0504426986309913,0.120428972097208,0.23281277045444,3,"2013","Middle East and North Africa","Egypt, Arab Rep.","Lower middle income"
"India","India2014",303,1.40416900751295,1.3193223264771,0.451072898618497,0.551211142663139,-0.0800404326145122,0.0414146839154514,0.903382793240657,4,"2014","South Asia","India","Lower middle income"
"Nepal","Nepal2013",4,-1.12048983815197,-1.12075346860502,0.0343801057892635,0,-0.0107266132723458,-0.00612875503522353,0.176413549034474,11,"2013","South Asia","Nepal","Low income"
"Vietnam","Vietnam2009",18,1.12460398363446,1.00960484566809,0.683504583573183,0.454883424834122,0.170863417480038,0.148144795241922,3.75,0,"2009","East Asia and Pacific","Vietnam","Lower middle income"
