"countryOnly","country","N","mean","median","sd","iqr","OPcov","OPcovNoWeights","indAlloc","outliersOut","yearOnly","region","countryDes","incomeLevel"
"China","China2012",80,2.26922880352089,2.33879281298681,0.566041950862813,0.64456107334966,0.0535107951133908,0.0177640640523595,1.88856710873836,1,"2012","East Asia and Pacific","China","Upper middle income"
"Egypt","Egypt2013",34,1.95882959291156,1.87612843873385,1.58961796618683,2.09134010999988,0.110889469366434,0.686752537220372,3.62853569070414,0,"2013","Middle East and North Africa","Egypt, Arab Rep.","Lower middle income"
"India","India2014",207,2.301518551722,2.12426200224914,0.944892131990607,1.71749779422833,-0.0418725371068852,0.0655692493093225,1.85601107442433,0,"2014","South Asia","India","Lower middle income"
"Mexico","Mexico2010",16,2.44918928886102,2.50935591342247,0.30501983037533,0.104130060796932,0.12366680551503,0.39846981039743,24.8356312423352,2,"2010","Latin America and Caribbean","Mexico","Upper middle income"
"Philippines","Philippines2009",33,2.47172117562726,2.08454198271095,1.43978325717008,2.00554360858343,-0.0736487961879867,-0.0111570920094999,1.3864437003843,0,"2009","East Asia and Pacific","Philippines","Lower middle income"
"Russia","Russia2012",40,2.62525194706516,2.5110046079002,0.736345850166401,0.806840927235452,0.314675648715344,0.696286489456541,2.8443618580235,0,"2012","Europe and Central Asia","Russian Federation","High income"
