"countryOnly","country","N","mean","median","sd","iqr","OPcov","OPcovNoWeights","indAlloc","outliersOut","yearOnly","region","countryDes","incomeLevel"
"Bangladesh","Bangladesh2013",19,1.97580016230399,1.22123552266081,1.63626941681781,1.71503003447195,1.75224058413954,1.34620860701951,1.03682822967237,0,"2013","South Asia","Bangladesh","Lower middle income"
"Brazil","Brazil2009",77,1.65990845543507,1.41081106063007,0.582500838664873,0.654588881969911,0.404176768912323,0.286846962669568,0.761188981063596,2,"2009","Latin America and Caribbean","Brazil","Upper middle income"
"China","China2012",107,2.25357655056321,2.19155747254752,0.735027294086768,0.95892370961713,0.529198306982317,0.534465569783804,0.998185974922613,0,"2012","East Asia and Pacific","China","Upper middle income"
"India","India2014",190,2.66891006003891,2.67528735724303,0.71851035254904,1.23735858238508,-0.0358993366300877,0.0630120780850048,0.463719263814009,0,"2014","South Asia","India","Lower middle income"
