"countryOnly","country","N","mean","median","sd","iqr","OPcov","OPcovNoWeights","indAlloc","outliersOut","yearOnly","region","countryDes","incomeLevel"
"Bangladesh","Bangladesh2013",101,3.95043824623076,3.78440376511971,0.76654066984758,1.05868435845723,0.336198163250516,0.272696606916424,1.22862362641956,0,"2013","South Asia","Bangladesh","Lower middle income"
"Brazil","Brazil2009",120,3.22216882897589,3.09856119358477,0.858795144070526,1.02292932291274,0.638195268036851,0.439021160729033,1.77743848791063,2,"2009","Latin America and Caribbean","Brazil","Upper middle income"
"Egypt","Egypt2013",70,2.76616644343145,2.91366110326989,0.790591169406618,0.689384439653266,0.227837186718706,0.418544902914072,1.39108716788456,3,"2013","Middle East and North Africa","Egypt, Arab Rep.","Lower middle income"
"India","India2014",32,4.12108048948516,4.17627972993572,0.736620762511894,1.32415548468251,0.408558856795984,0.394523552915958,4.66060645435556,0,"2014","South Asia","India","Lower middle income"
"Mexico","Mexico2010",21,3.4023265466112,3.07901883908987,0.535115999753687,0.583050651465799,0.821786761736507,0.800191639383344,1.1117950216035,0,"2010","Latin America and Caribbean","Mexico","Upper middle income"
"Peru","Peru2010",15,3.02259010605716,3.11490367825861,0.917223828744056,0.772098321449761,0.555680042090569,0.642613510777482,3.40753378609625,0,"2010","Latin America and Caribbean","Peru","Upper middle income"
