"countryOnly","country","N","mean","median","sd","iqr","OPcov","OPcovNoWeights","indAlloc","outliersOut","yearOnly","region","countryDes","incomeLevel"
"Bangladesh","Bangladesh2013",19,1.97580016230399,1.22123552266081,1.63626941681782,1.71503003447195,1.75224058413954,1.34620860701951,0.959679289579588,0,"2013","South Asia","Bangladesh","Lower middle income"
"Brazil","Brazil2009",77,1.65990845543507,1.41081106063007,0.582500838664875,0.654588881969918,0.404176768912327,0.286846962669572,0.790712892469527,2,"2009","Latin America and Caribbean","Brazil","Upper middle income"
"China","China2012",107,2.25357655056322,2.19155747254752,0.735027294086768,0.95892370961712,0.529198306982318,0.534465569783804,0.92460046706196,0,"2012","East Asia and Pacific","China","Upper middle income"
"India","India2014",190,2.66891006003892,2.67528735724304,0.718510352549041,1.23735858238508,-0.0358993366300882,0.0630120780850043,0.463719263814009,0,"2014","South Asia","India","Lower middle income"
