"countryOnly","country","N","mean","median","sd","iqr","OPcov","OPcovNoWeights","indAlloc","outliersOut","yearOnly","region","countryDes","incomeLevel"
"Bangladesh","Bangladesh2013",25,-2.49693310733001,-2.27914127779571,0.583621286618952,0.873073929824468,-0.628372006982272,-0.862934864127069,1.04476914024931,1,"2013","South Asia","Bangladesh","Lower middle income"
"Egypt","Egypt2013",54,0.00163811919203838,-0.389643333820674,0.895512604428688,1.34274876612489,0.171991758064262,0.191094691591134,0.945916762954123,0,"2013","Middle East and North Africa","Egypt, Arab Rep.","Lower middle income"
"India","India2014",55,-2.00543408563889,-1.98106977678717,0.643167557266147,0.947720612652189,0.213244686111908,0.619241534920298,1.00228735149783,0,"2014","South Asia","India","Lower middle income"
"Vietnam","Vietnam2009",18,-7.15728916990368,-7.34943081523411,0.835074076622432,0.888427166794132,0.0870394121868159,-0.0695136027675965,0.320819383063535,0,"2009","East Asia and Pacific","Vietnam","Lower middle income"
