"countryOnly","country","N","mean","median","sd","iqr","OPcov","OPcovNoWeights","indAlloc","outliersOut","yearOnly","region","countryDes","incomeLevel"
"Bangladesh","Bangladesh2013",34,-3.62424045108397,-4.02282309361653,0.972065751880323,0.887437992351474,0.0683455595966696,0.0428168065916316,3.51149879154893,0,"2013","South Asia","Bangladesh","Lower middle income"
"China","China2012",60,-0.970812367888587,-1.06138571210535,0.742751609104072,1.12436442023429,0.0119444513594694,0.190905750228456,3.85011908427969,0,"2012","East Asia and Pacific","China","Upper middle income"
"Egypt","Egypt2013",52,-1.32220263502634,-1.5729630325027,0.713407740022769,0.913486696583734,0.186666598689142,0.00973055532284082,0.351408103002746,1,"2013","Middle East and North Africa","Egypt, Arab Rep.","Lower middle income"
"India","India2014",262,-3.0613034125866,-3.22009103081782,0.916608639501046,1.32438891596808,-0.197759518379569,0.0788982457580481,0.67633647027324,0,"2014","South Asia","India","Lower middle income"
"Vietnam","Vietnam2009",17,-9.26516466726193,-9.5690564764685,0.852676899329767,1.54818208422471,0.157810749322156,0.228490813414572,1.13185422887996,0,"2009","East Asia and Pacific","Vietnam","Lower middle income"
