"countryOnly","country","N","mean","median","sd","iqr","OPcov","OPcovNoWeights","indAlloc","outliersOut","yearOnly","region","countryDes","incomeLevel"
"Bangladesh","Bangladesh2013",26,2.23006390728947,2.17073022044762,0.37069187361359,0.448794780572598,-0.11397832521921,-0.102571874287969,4.97675161891889,1,"2013","South Asia","Bangladesh","Lower middle income"
"Egypt","Egypt2013",56,2.02105662022377,1.87020617431979,0.470528925627575,0.309810906671659,0.0491641494259663,0.0226241300072933,0.952864843236112,3,"2013","Middle East and North Africa","Egypt, Arab Rep.","Lower middle income"
"India","India2014",67,2.06440826762402,2.06491597084545,0.27647055255095,0.322269607791959,0.0759829696748942,0.280789874296555,0.674673372847749,1,"2014","South Asia","India","Lower middle income"
"Vietnam","Vietnam2009",19,2.52692097147267,2.58517407547987,0.241047047933085,0.268349411044241,0.0581908243275717,0.0499449294008127,0.389696045389186,1,"2009","East Asia and Pacific","Vietnam","Lower middle income"
