"countryOnly","country","N","mean","median","sd","iqr","OPcov","OPcovNoWeights","indAlloc","outliersOut","yearOnly","region","countryDes","incomeLevel"
"China","China2012",77,1.71089628921195,1.64788597071756,0.387981645068638,0.382139451687095,0.378415679582177,0.350344058420598,0.864314683898968,2,"2012","East Asia and Pacific","China","Upper middle income"
"Egypt","Egypt2013",30,1.35718341519303,1.25298998662838,0.316778333000682,0.0141003114620393,-0.0429182374098104,0.296634162339035,5.67443099985593,2,"2013","Middle East and North Africa","Egypt, Arab Rep.","Lower middle income"
"India","India2014",202,1.55639496969931,1.40832778473158,0.473208734542827,0.598133118086571,-0.0626768351387112,-0.0250232887912452,0.65208761668646,0,"2014","South Asia","India","Lower middle income"
"Philippines","Philippines2009",28,2.19459543778113,2.1182608027569,1.35092068865166,1.50208549610011,0.532608624643907,0.733170909367341,0.239078775828262,0,"2009","East Asia and Pacific","Philippines","Lower middle income"
"Russia","Russia2012",38,1.6183120952178,1.53644205097545,0.373498051523844,0.58485297111622,0.135443630954938,0.243872298551173,1.25014486336132,1,"2012","Europe and Central Asia","Russian Federation","High income"
