"countryOnly","country","N","mean","median","sd","iqr","OPcov","OPcovNoWeights","indAlloc","outliersOut","yearOnly","region","countryDes","incomeLevel"
"Bangladesh","Bangladesh2013",19,-3.17454954403923,-3.24431728354145,0.582578232781281,0.809858077801881,0.489162835447075,0.444653527646371,1.03611228064082,0,"2013","South Asia","Bangladesh","Lower middle income"
"Brazil","Brazil2009",75,0.76710930780129,0.431881919344514,0.6437312919591,0.924678185730111,0.401016133729757,0.18242147122944,1,2,"2009","Latin America and Caribbean","Brazil","Upper middle income"
"China","China2012",92,-0.0514315448374746,-0.186417397526128,0.773208683466709,0.960504266384033,0.667630494400321,0.715450402991439,2.65220059345038,0,"2012","East Asia and Pacific","China","Upper middle income"
"India","India2014",160,-2.10313568797903,-1.94194154968199,0.851999416877102,1.55053654974589,-0.048253958686444,0.00583031353576717,0.475948399692805,0,"2014","South Asia","India","Lower middle income"
